workers,repetitions,average_seconds,standard_deviation_seconds,average_rows_per_second,speedup,efficiency
1,3,24.135165105333424,1.8000997126237455,83482.37073180987,1.0,1.0
2,3,17.274322853999973,1.3296750788462461,116697.36878516775,1.3971699677793612,0.6985849838896806
3,3,12.885540847666713,0.8282265993356631,156228.56856002958,1.8730424582607854,0.6243474860869285
